WILD PROTOCOL — CONTENT CALENDAR,,,,,,,,,
ID,Platform,Content Type,Pillar,Status,Scheduled Date,Post Body,CTA Link,UTM Source,Engagement Notes
X-01,X / Twitter,Post,Biohacking,Draft,,"You've tried cold plunges. You've tracked HRV. You've optimized your caffeine timing.

But you're sleeping through 2 hours of your brain's highest neuroplasticity window every night.

Wake-Induced Lucid Dreaming costs nothing and works every night.

Get the free 7-Night WILD Protocol: [LINK]",[LINK],twitter,
X-02,X / Twitter,Post,Productivity,Draft,,"Nikola Tesla used hypnagogic hallucinations to prototype inventions.
Paul McCartney composed Yesterday from a dream.
Scientists solve unsolvable equations in REM.

Your unconscious brain is running simulations right now.

The question is whether you're in the room.

Download the 7-Night WILD Protocol: [LINK]",[LINK],twitter,
X-03,X / Twitter,Post,Neuroscience,Draft,,"Most people think the brain ""turns off"" during sleep. It doesn't.

During REM:
- Prefrontal cortex reactivates
- Memory consolidation spikes
- Creative problem solving peaks
- Emotional processing runs

The difference between high performers and everyone else? Some are conscious for it.

7-Night WILD Protocol (free): [LINK]",[LINK],twitter,
X-04,X / Twitter,Post,Biohacking,Draft,,"ROI comparison for performance biohacks:

Cold plunge: $0-$5,000 setup, 3 min/day
Nootropics: $50-$200/mo
Meditation: 20 min/day, years to master
WILD: $0, works during sleep you're already doing

The only neuro-hack that runs while you're not even trying.

Start with the free 7-Night Protocol: [LINK]",[LINK],twitter,
X-05,X / Twitter,Post,Sleep Anxiety,Draft,,"Something nobody tells Oura Ring users:

Obsessively checking your sleep score is destroying your sleep quality.

It's called orthosomnia — performance anxiety for sleeping.

Wake-Induced Lucid Dreaming reframes sleep as an active skill. You stop monitoring and start using it.

The 7-Night WILD Protocol (free): [LINK]",[LINK],twitter,
X-06,X / Twitter,Post,Neuroscience,Draft,,"Your brain enters REM roughly every 90 minutes.

By morning, your final REM cycle is 45-60 minutes long.

This is when:
- Dopamine surges
- Norepinephrine drops to zero
- Creative cognition peaks

Lucid dreamers are conscious during this exact window.

You're not. Yet.

7-Night WILD Protocol: [LINK]",[LINK],twitter,
X-07,X / Twitter,Post,Status Signal,Draft,,"DARPA has funded research into sleep-based performance enhancement.

Major neuroscience labs are studying metacognitive awareness in REM.

Startups are building EEG headbands to trigger it automatically.

The low-tech version requires no hardware and has existed for centuries.

Get it free: [LINK]",[LINK],twitter,
X-08,X / Twitter,Post,Productivity,Draft,,"A programmer I spoke to solves architecture problems while lucid dreaming.

He enters a dream, builds the system visually, tests edge cases, wakes up and codes it.

No whiteboard. No rubber duck. Just pure, uninterrupted prefrontal activation.

This is trainable. It takes 7 nights.

Free protocol: [LINK]",[LINK],twitter,
X-09,X / Twitter,Post,Conversion,Draft,,"730 hours.

That's how many hours of REM sleep you'll have this year.

If you spend all of them unconscious, you leave 730 hours of cognitive training on the table.

Elite performers are waking up inside their dreams.

Free 7-Night WILD Protocol: [LINK]",[LINK],twitter,
X-10,X / Twitter,Post,Direct CTA,Draft,,"I built a free 7-night protocol for Wake-Induced Lucid Dreaming.

Not the mystical version. The biohacking version.

It covers:
→ Circadian preparation
→ Hypnagogia (the transition state)
→ Sleep paralysis stabilization
→ Dream awareness anchoring
→ Performance tracking metrics

Free download: [LINK]

If you've tried before and failed, this is why.",[LINK],twitter,
R-01,Reddit,Discussion,Biohacking,Draft,,"r/biohacking | TITLE: Has anyone experimented with Wake-Induced Lucid Dreaming (WILD) as a cognitive performance tool?

I've been researching sleep-based performance optimization and keep coming back to WILD. Most content is framed spiritually, but the neuroscience is interesting — you're maintaining metacognitive awareness during REM, with real measurable changes in prefrontal activation. Has anyone here incorporated this into their optimization stack? I've been developing a structured 7-night protocol that focuses purely on the mechanics.",[LINK],reddit,
R-02,Reddit,Discussion,Neuroscience,Draft,,"r/Nootropics | TITLE: REM sleep as cognitive enhancement — why isn't this discussed more here?

We talk constantly about what to take to optimize cognition, but I rarely see discussions about REM sleep manipulation. The research on sleep-based memory consolidation is solid. Less discussed: the potential for maintaining conscious awareness during REM as active cognitive training. I've been building a protocol around this. Not the dream journal / crystals version — the biohacking version.",[LINK],reddit,
R-03,Reddit,Discussion,Productivity,Draft,,"r/LucidDreaming | TITLE: Framing WILD as a biohacking tool changed everything for me — here's what actually worked

I've been attempting WILD on and off for two years with minimal success. What changed: I stopped thinking about it as a spiritual practice and started thinking about it as a neurological skill. Once I started tracking attempts like I track other biohacking experiments (attempt log, quality score, environmental variables), my success rate went from ~5% to over 60% in 30 days. Happy to share the tracking framework.",[LINK],reddit,
R-04,Reddit,Discussion,Productivity,Draft,,"r/productivity | TITLE: Entrepreneurs: are you using sleep as a productivity tool, or just recovering from the day?

Most productivity frameworks treat sleep as passive recovery. But for REM sleep specifically, there's strong evidence for active problem solving and skill rehearsal. Some people are training themselves to be conscious during REM (Wake-Induced Lucid Dreaming). Use cases: running pitch scenarios, debugging code, processing complex decisions. Anyone experimented with this?",[LINK],reddit,
R-05,Reddit,Discussion,Biohacking,Draft,,"r/biohacking | TITLE: The wearable data you're missing: what your Oura ring can't tell you about REM quality

Oura and Whoop track REM duration well. What they don't tell you: the quality of what you're doing during REM. Two people can have identical REM scores and radically different outcomes because one is actively engaging prefrontal processing. This is the core argument for Wake-Induced Lucid Dreaming as a performance tool. Anyone tracking this?",[LINK],reddit,
TT-01,TikTok,Script (45s),Biohacking,Draft,,"[0-3s HOOK] Your brain spends two full hours every night in its highest-performance state. And you're completely unconscious for it.

[3-20s PROBLEM] REM sleep is when your prefrontal cortex reactivates, memory consolidates, and creative problem-solving peaks. Athletes use mental rehearsal during this window. Programmers solve architecture problems. But most people waste it.

[20-40s SOLUTION] Wake-Induced Lucid Dreaming is a trainable neurological skill. Not a spiritual practice — a biohack. I built a 7-night protocol that strips out the mystical stuff and focuses on the mechanics.

[40-45s CTA] Link in bio. Free. Your brain is working right now — might as well be there.",[LINK],tiktok,
TT-02,TikTok,Script (55s),Biohacking,Draft,,"[0-3s HOOK] Here's a biohack that costs nothing, requires no supplements, no hardware, and runs automatically every single night.

[3-20s PROBLEM] You've tried cold plunges. Nootropics. HRV training. But they operate during your waking hours. What if you could optimize the eight hours you're not using?

[20-45s SOLUTION] WILD — Wake-Induced Lucid Dreaming — is maintaining conscious awareness during REM sleep. Norepinephrine drops to zero, dopamine spikes, and your brain enters unconstrained creative processing. If you're conscious during that window, you can use it. 90 minutes per night that most people sleep through.

[45-55s CTA] Free 7-night protocol. Structured like a biohacking experiment, not a dream journal. Link in bio.",[LINK],tiktok,
TT-03,TikTok,Script (50s),Neuroscience,Draft,,"[0-4s HOOK] Tesla invented the AC motor in a hypnagogic hallucination. Einstein developed special relativity after dreaming about riding a light beam.

[4-20s CONTEXT] Hypnagogia is the transition state between waking and sleep. The brain's default mode network runs at full power with almost no inhibition. Most people fall unconscious in seconds. Some have learned to stay.

[20-42s REFRAME] Wake-Induced Lucid Dreaming is the skill of remaining conscious through hypnagogia into REM. This isn't mystical — it's neurological. I built a 7-night protocol for analytical thinkers who want the benefits without the woo.

[42-50s CTA] Free in the bio. 7 nights. You're already sleeping — might as well use it.",[LINK],tiktok,
