WILD TELEGRAM — CONSCIOUSNESS CIRCLE WEEKLY PROGRAMMING,,,,,,,
Week #,Day,Content Type,Title,Message / Description,Tradition,Group/Channel,Status
1,Mon,Intention Setting,Opening Intention: What Does Your Dream World Want to Show You?,"Welcome to the first week. Before you sleep tonight, ask yourself this question: if the dream world could show me one thing, what would it be? Set this as your intention. Write it down. Place it beside your bed. This is how the ancient practitioners began.",Universal,Channel,Draft
1,Tue,Symbol Exploration,Symbol: Water,"Water is one of the most common dream symbols across every culture. In dreams, water often represents emotion, the unconscious, purification, or transformation. How does water appear in your dreams? Still or moving? Clear or dark? Share and let's explore together.",Cross-tradition,Group,Draft
1,Wed,Guided Practice,Breath Awareness Before Sleep,"Tonight's practice: as you lie down, bring attention to your breath. Don't change it — just observe. Notice the rhythm slow. Notice the space between breaths growing. This is the first step toward carrying awareness into sleep. 10 minutes is enough.",Buddhist,Channel,Draft
1,Thu,Ancient Traditions,Tibetan Dream Yoga: Introduction,"For centuries, Tibetan monks have practiced recognizing the dream as illusion — not to dismiss it, but to understand the nature of experience itself. Dream Yoga is part of the Six Yogas of Naropa. Tonight, as you drift toward sleep, silently repeat: 'This is a dream.'",Tibetan,Channel,Draft
1,Fri,Dream Sharing,Share Your Dreams This Week,What have you dreamed this week? Even fragments count. Even feelings without images. Share what came to you — there are no wrong answers here. Sometimes the act of sharing reveals meaning we missed on our own.,Universal,Group,Draft
1,Sat,Contemplation,Quote: 'Regard all dharmas as dreams.' — Atisha,This instruction from the 10th-century Buddhist teacher Atisha points to a radical insight: the waking world and the dream world share the same fundamental nature. Both are constructions of consciousness. Sit with this today.,Buddhist,Channel,Draft
1,Sun,Reflection,Week 1 Reflection: What Did You Notice?,The first week is about observation. What did you notice about your sleep transition? About your dreams? Even small shifts in attention matter. Share one thing you observed that you hadn't noticed before.,Universal,Group,Draft
2,Mon,Intention Setting,Intention: Meeting the Threshold,"This week, your intention is to notice the moment between waking and sleeping. That liminal space where images begin to form. Don't try to do anything with it yet — just become aware that it exists.",Universal,Channel,Draft
2,Tue,Symbol Exploration,"Symbol: Doors, Gates, and Thresholds","Doors in dreams often represent transitions, choices, or hidden aspects of self. An open door invites. A closed door challenges. What doors have appeared in your dreams? Did you enter? What was on the other side?",Cross-tradition,Group,Draft
2,Wed,Guided Practice,Body Scan: Dissolving Into Sleep,"Tonight: lie still and slowly move your attention from toes to crown. At each point, consciously relax and release. By the time you reach the crown, your body should feel heavy and warm. Now — watch what happens behind your eyelids.",Yoga Nidra,Channel,Draft
2,Thu,Ancient Traditions,Taoist Inner Dreaming: Cultivating the Dream Body,"In Taoist practice, the dream body (meng shen) is cultivated through years of inner alchemy. The practitioner learns to maintain a thread of awareness through sleep — a golden thread connecting waking consciousness to the dream.",Taoist,Channel,Draft
2,Fri,Dream Sharing,Hypnagogia Reports,"Did you see images forming as you fell asleep this week? Geometric patterns? Faces? Scenes? Share your hypnagogic observations. What the ancients called the threshold, neuroscience calls the hypnagogic state. Same experience, different language.",Universal,Group,Draft
2,Sat,Contemplation,Quote: 'The dream is the small hidden door in the deepest and most intimate sanctum of the soul.' — Carl Jung,Jung saw dreams as the psyche's natural language — communicating truths that the waking mind filters or ignores. What might your dreams be trying to say?,Jungian,Channel,Draft
2,Sun,Reflection,Week 2 Reflection: The Threshold,Have you begun to sense the threshold? That moment consciousness wavers between two states? This is where the practice lives. Share your experience of the in-between.,Universal,Group,Draft
3,Mon,Intention Setting,Intention: Staying Present at the Edge,"This week: when you reach the threshold, try to stay. Don't push. Don't grasp. Simply remain present. Like a leaf resting on the surface of still water.",Universal,Channel,Draft
3,Tue,Symbol Exploration,Symbol: Flying and Falling,"Two of the most universal dream experiences. Flying often represents liberation, perspective, transcendence. Falling often represents loss of control or surrender. Both relate to your relationship with letting go.",Cross-tradition,Group,Draft
3,Wed,Guided Practice,The Observer: Watching Without Following,"Tonight's practice: as hypnagogic images appear, become the observer. Watch as if watching a screen. Don't follow any image into a storyline. Stay as the witness. This is the core skill of dream awareness.",Advaita,Channel,Draft
3,Thu,Ancient Traditions,Sufi Dream Practice: The Imaginal Realm,Ibn Arabi described the alam al-mithal — a dimension between matter and spirit where images are alive and meanings take form. The Sufis navigated this realm through sleep with trained attention and devotional intention.,Sufi,Channel,Draft
3,Fri,Dream Sharing,Dreams of Awareness,"Has your dream content changed since starting the practice? Many practitioners report dreams about awareness itself — dreams about waking up, about observing, about being present. Share what's shifting.",Universal,Group,Draft
3,Sat,Contemplation,"Quote: 'Between sleeping and waking, between death and living, there is a garden. I will meet you there.' — Rumi",The liminal space. The garden between. Rumi points to the same threshold we're learning to inhabit — the place where the deepest truths reside.,Sufi,Channel,Draft
3,Sun,Reflection,Week 3 Reflection: Patience and Presence,The practice of staying present at the threshold requires patience. There is nothing to achieve — only something to witness. Share how patience is part of your experience this week.,Universal,Group,Draft
4,Mon,Intention Setting,Intention: Crossing the Threshold,"This week, if awareness carries through the threshold — let the dream form. Don't resist, don't force. Allow.",Universal,Channel,Draft
4,Tue,Symbol Exploration,Symbol: Animals and Guides,"Animals in dreams often represent instinct, guidance, or aspects of self. Across shamanic traditions, the dream animal is a guide. What animals visit your dreams?",Shamanic,Group,Draft
4,Wed,Guided Practice,Dream Stabilization: Being Present in the Dream,If you become lucid: touch the ground. Feel texture. Look at your hands. These sensory anchors keep you present. Don't try to control — just be there.,Universal,Channel,Draft
4,Thu,Ancient Traditions,Shamanic Dream Journeys: Navigating the Dreamscape,"In shamanic traditions, the practitioner enters sleep with clear intention and navigates the dream as a conscious explorer — seeking wisdom, healing, or guidance from the dream world.",Shamanic,Channel,Draft
4,Fri,Dream Sharing,First Lucid Moments,Has anyone experienced a moment of knowing you were dreaming — even briefly? Even a flash of awareness counts. Share these moments. They are the seed of everything.,Universal,Group,Draft
4,Sat,Contemplation,Quote: 'All that we see or seem is but a dream within a dream.' — Edgar Allan Poe,Poe captures the vertiginous insight at the heart of dream practice: the boundary between real and dream is far less solid than we assume.,Western,Channel,Draft
4,Sun,Reflection,Month 1 Reflection: What Has Changed?,One month of practice. What has shifted in your experience of sleep? Of dreams? Of waking awareness? Take time to recognize the journey.,Universal,Group,Draft
5,Mon,Intention Setting,Intention: Dialogue with the Dream,"This week, if lucid: ask the dream a question. 'What do you want to show me?' Then wait. Listen. The answer may surprise you.",Universal,Channel,Draft
5,Tue,Symbol Exploration,Symbol: Houses and Rooms,Houses in dreams often represent the self. Different rooms = different aspects. Hidden rooms = undiscovered parts of yourself. What houses have you dreamed?,Jungian,Group,Draft
5,Wed,Guided Practice,Asking Questions in the Lucid Dream,"The practice of lucid questioning: once aware in the dream, speak aloud. Ask a question. The dream environment — being a construction of your own consciousness — will respond.",Universal,Channel,Draft
5,Thu,Ancient Traditions,Dream Yoga: Recognizing Illusion,"In advanced Dream Yoga, the practitioner doesn't just become lucid — they contemplate the nature of the dream itself. Is it real? Is it unreal? What is the nature of experience?",Tibetan,Channel,Draft
5,Fri,Dream Sharing,Dream Dialogues and Discoveries,Has anyone asked a question inside a dream? Received an unexpected answer? Share your experiences of dialogue with the dream world.,Universal,Group,Draft
5,Sat,Contemplation,"Quote: 'Who looks outside, dreams; who looks inside, awakes.' — Carl Jung",The movement from looking outside to looking inside. From dreaming to awakening. The practice of lucid dreaming is exactly this movement.,Jungian,Channel,Draft
5,Sun,Reflection,Week Reflection: The Dreamer and the Dream,Are you the dreamer of the dream? Or is the dream dreaming you? Sit with this question. There's no wrong answer — only deeper inquiry.,Universal,Group,Draft
6,Mon,Intention Setting,Intention: Healing in the Dream Space,"This week: bring a hurt, a fear, or a difficulty into the dream with you. Not to fix it — but to meet it with awareness.",Universal,Channel,Draft
6,Tue,Symbol Exploration,Symbol: Shadow and Darkness,"Darkness in dreams is not necessarily negative. It can represent the unknown, the unconscious, the unexplored. Jung called it the Shadow — the parts of self we haven't yet integrated.",Jungian,Group,Draft
6,Wed,Guided Practice,Meeting the Shadow in Dreams,If you encounter something frightening in a lucid dream — turn toward it. Ask it: who are you? What do you need? This is among the most transformative practices in dream work.,Universal,Channel,Draft
6,Thu,Ancient Traditions,Taoist Inner Alchemy: Transforming Fear in the Dream,"In Taoist practice, fear encountered in dreams is raw energy — yin force that can be transformed through calm attention. The practitioner doesn't flee; they breathe and observe.",Taoist,Channel,Draft
6,Fri,Dream Sharing,Dreams of Healing and Transformation,"Share any dreams where something shifted — where you faced a fear, encountered a difficult emotion, or experienced a sense of resolution.",Universal,Group,Draft
6,Sat,Contemplation,Quote: 'The cave you fear to enter holds the treasure you seek.' — Joseph Campbell,"The universal hero's journey, enacted every night in dreams. What caves have you been avoiding?",Universal,Channel,Draft
6,Sun,Reflection,Mid-Month 2 Reflection: Deepening,You are no longer a beginner. The practice is deepening. What are you discovering about yourself through your dreams?,Universal,Group,Draft
7,Mon,Intention Setting,Intention: Teaching Through Practice,"This week, share what you know. Explain a technique to someone. Teaching is the deepest form of learning.",Universal,Channel,Draft
7,Tue,Symbol Exploration,Symbol: Light and Illumination,"Light in dreams: clarity, awareness, insight, awakening. Many traditions describe the 'clear light' encountered in deep dream practice. Have you seen light in your dreams?",Cross-tradition,Group,Draft
7,Wed,Guided Practice,The Clear Light Practice,"Advanced Tibetan Dream Yoga: at the moment of falling asleep, visualize a luminous sphere at the heart center. This is the seed of awareness that carries through into the dream.",Tibetan,Channel,Draft
7,Thu,Ancient Traditions,The Six Yogas of Naropa: Dream Yoga in Context,Dream Yoga is one of six practices in the Naropa tradition. Each yoga works with a different aspect of consciousness. Dream Yoga specifically trains awareness to persist through all states.,Tibetan,Channel,Draft
7,Fri,Dream Sharing,Experiences of Light and Clarity,Has anyone experienced unusual clarity or light in their dreams? Moments where the dream became extraordinarily vivid or luminous?,Universal,Group,Draft
7,Sat,Contemplation,"Quote: 'In the middle of the night, I awoke. And the night was luminous.' — Rainer Maria Rilke",Rilke captures the moment of awakening within darkness — the paradox at the heart of dream practice.,Western,Channel,Draft
7,Sun,Reflection,Month 2 Reflection: How Far You've Come,Two months of practice. Compare who you were at the beginning with who you are now. The shift may be subtle — or it may be profound.,Universal,Group,Draft
8,Mon,Intention Setting,Intention: Crossing the Threshold,"This week, if awareness carries through the threshold — let the dream form. Don't resist, don't force. Allow.",Universal,Channel,Draft
8,Tue,Symbol Exploration,Symbol: Animals and Guides,"Animals in dreams often represent instinct, guidance, or aspects of self. Across shamanic traditions, the dream animal is a guide. What animals visit your dreams?",Shamanic,Group,Draft
8,Wed,Guided Practice,Dream Stabilization: Being Present in the Dream,If you become lucid: touch the ground. Feel texture. Look at your hands. These sensory anchors keep you present. Don't try to control — just be there.,Universal,Channel,Draft
8,Thu,Ancient Traditions,Shamanic Dream Journeys: Navigating the Dreamscape,"In shamanic traditions, the practitioner enters sleep with clear intention and navigates the dream as a conscious explorer — seeking wisdom, healing, or guidance from the dream world.",Shamanic,Channel,Draft
8,Fri,Dream Sharing,First Lucid Moments,Has anyone experienced a moment of knowing you were dreaming — even briefly? Even a flash of awareness counts. Share these moments. They are the seed of everything.,Universal,Group,Draft
8,Sat,Contemplation,Quote: 'All that we see or seem is but a dream within a dream.' — Edgar Allan Poe,Poe captures the vertiginous insight at the heart of dream practice: the boundary between real and dream is far less solid than we assume.,Western,Channel,Draft
8,Sun,Reflection,Month 1 Reflection: What Has Changed?,One month of practice. What has shifted in your experience of sleep? Of dreams? Of waking awareness? Take time to recognize the journey.,Universal,Group,Draft
9,Mon,Intention Setting,Intention: Dialogue with the Dream,"This week, if lucid: ask the dream a question. 'What do you want to show me?' Then wait. Listen. The answer may surprise you.",Universal,Channel,Draft
9,Tue,Symbol Exploration,Symbol: Houses and Rooms,Houses in dreams often represent the self. Different rooms = different aspects. Hidden rooms = undiscovered parts of yourself. What houses have you dreamed?,Jungian,Group,Draft
9,Wed,Guided Practice,Asking Questions in the Lucid Dream,"The practice of lucid questioning: once aware in the dream, speak aloud. Ask a question. The dream environment — being a construction of your own consciousness — will respond.",Universal,Channel,Draft
9,Thu,Ancient Traditions,Dream Yoga: Recognizing Illusion,"In advanced Dream Yoga, the practitioner doesn't just become lucid — they contemplate the nature of the dream itself. Is it real? Is it unreal? What is the nature of experience?",Tibetan,Channel,Draft
9,Fri,Dream Sharing,Dream Dialogues and Discoveries,Has anyone asked a question inside a dream? Received an unexpected answer? Share your experiences of dialogue with the dream world.,Universal,Group,Draft
9,Sat,Contemplation,"Quote: 'Who looks outside, dreams; who looks inside, awakes.' — Carl Jung",The movement from looking outside to looking inside. From dreaming to awakening. The practice of lucid dreaming is exactly this movement.,Jungian,Channel,Draft
9,Sun,Reflection,Week Reflection: The Dreamer and the Dream,Are you the dreamer of the dream? Or is the dream dreaming you? Sit with this question. There's no wrong answer — only deeper inquiry.,Universal,Group,Draft
10,Mon,Intention Setting,Intention: Healing in the Dream Space,"This week: bring a hurt, a fear, or a difficulty into the dream with you. Not to fix it — but to meet it with awareness.",Universal,Channel,Draft
10,Tue,Symbol Exploration,Symbol: Shadow and Darkness,"Darkness in dreams is not necessarily negative. It can represent the unknown, the unconscious, the unexplored. Jung called it the Shadow — the parts of self we haven't yet integrated.",Jungian,Group,Draft
10,Wed,Guided Practice,Meeting the Shadow in Dreams,If you encounter something frightening in a lucid dream — turn toward it. Ask it: who are you? What do you need? This is among the most transformative practices in dream work.,Universal,Channel,Draft
10,Thu,Ancient Traditions,Taoist Inner Alchemy: Transforming Fear in the Dream,"In Taoist practice, fear encountered in dreams is raw energy — yin force that can be transformed through calm attention. The practitioner doesn't flee; they breathe and observe.",Taoist,Channel,Draft
10,Fri,Dream Sharing,Dreams of Healing and Transformation,"Share any dreams where something shifted — where you faced a fear, encountered a difficult emotion, or experienced a sense of resolution.",Universal,Group,Draft
10,Sat,Contemplation,Quote: 'The cave you fear to enter holds the treasure you seek.' — Joseph Campbell,"The universal hero's journey, enacted every night in dreams. What caves have you been avoiding?",Universal,Channel,Draft
10,Sun,Reflection,Mid-Month 2 Reflection: Deepening,You are no longer a beginner. The practice is deepening. What are you discovering about yourself through your dreams?,Universal,Group,Draft
11,Mon,Intention Setting,Intention: Teaching Through Practice,"This week, share what you know. Explain a technique to someone. Teaching is the deepest form of learning.",Universal,Channel,Draft
11,Tue,Symbol Exploration,Symbol: Light and Illumination,"Light in dreams: clarity, awareness, insight, awakening. Many traditions describe the 'clear light' encountered in deep dream practice. Have you seen light in your dreams?",Cross-tradition,Group,Draft
11,Wed,Guided Practice,The Clear Light Practice,"Advanced Tibetan Dream Yoga: at the moment of falling asleep, visualize a luminous sphere at the heart center. This is the seed of awareness that carries through into the dream.",Tibetan,Channel,Draft
11,Thu,Ancient Traditions,The Six Yogas of Naropa: Dream Yoga in Context,Dream Yoga is one of six practices in the Naropa tradition. Each yoga works with a different aspect of consciousness. Dream Yoga specifically trains awareness to persist through all states.,Tibetan,Channel,Draft
11,Fri,Dream Sharing,Experiences of Light and Clarity,Has anyone experienced unusual clarity or light in their dreams? Moments where the dream became extraordinarily vivid or luminous?,Universal,Group,Draft
11,Sat,Contemplation,"Quote: 'In the middle of the night, I awoke. And the night was luminous.' — Rainer Maria Rilke",Rilke captures the moment of awakening within darkness — the paradox at the heart of dream practice.,Western,Channel,Draft
11,Sun,Reflection,Month 2 Reflection: How Far You've Come,Two months of practice. Compare who you were at the beginning with who you are now. The shift may be subtle — or it may be profound.,Universal,Group,Draft
12,Mon,Intention Setting,Intention: Crossing the Threshold,"This week, if awareness carries through the threshold — let the dream form. Don't resist, don't force. Allow.",Universal,Channel,Draft
12,Tue,Symbol Exploration,Symbol: Animals and Guides,"Animals in dreams often represent instinct, guidance, or aspects of self. Across shamanic traditions, the dream animal is a guide. What animals visit your dreams?",Shamanic,Group,Draft
12,Wed,Guided Practice,Dream Stabilization: Being Present in the Dream,If you become lucid: touch the ground. Feel texture. Look at your hands. These sensory anchors keep you present. Don't try to control — just be there.,Universal,Channel,Draft
12,Thu,Ancient Traditions,Shamanic Dream Journeys: Navigating the Dreamscape,"In shamanic traditions, the practitioner enters sleep with clear intention and navigates the dream as a conscious explorer — seeking wisdom, healing, or guidance from the dream world.",Shamanic,Channel,Draft
12,Fri,Dream Sharing,First Lucid Moments,Has anyone experienced a moment of knowing you were dreaming — even briefly? Even a flash of awareness counts. Share these moments. They are the seed of everything.,Universal,Group,Draft
12,Sat,Contemplation,Quote: 'All that we see or seem is but a dream within a dream.' — Edgar Allan Poe,Poe captures the vertiginous insight at the heart of dream practice: the boundary between real and dream is far less solid than we assume.,Western,Channel,Draft
12,Sun,Reflection,Month 1 Reflection: What Has Changed?,One month of practice. What has shifted in your experience of sleep? Of dreams? Of waking awareness? Take time to recognize the journey.,Universal,Group,Draft
13,Mon,Intention Setting,Intention: Dialogue with the Dream,"This week, if lucid: ask the dream a question. 'What do you want to show me?' Then wait. Listen. The answer may surprise you.",Universal,Channel,Draft
13,Tue,Symbol Exploration,Symbol: Houses and Rooms,Houses in dreams often represent the self. Different rooms = different aspects. Hidden rooms = undiscovered parts of yourself. What houses have you dreamed?,Jungian,Group,Draft
13,Wed,Guided Practice,Asking Questions in the Lucid Dream,"The practice of lucid questioning: once aware in the dream, speak aloud. Ask a question. The dream environment — being a construction of your own consciousness — will respond.",Universal,Channel,Draft
13,Thu,Ancient Traditions,Dream Yoga: Recognizing Illusion,"In advanced Dream Yoga, the practitioner doesn't just become lucid — they contemplate the nature of the dream itself. Is it real? Is it unreal? What is the nature of experience?",Tibetan,Channel,Draft
13,Fri,Dream Sharing,Dream Dialogues and Discoveries,Has anyone asked a question inside a dream? Received an unexpected answer? Share your experiences of dialogue with the dream world.,Universal,Group,Draft
13,Sat,Contemplation,"Quote: 'Who looks outside, dreams; who looks inside, awakes.' — Carl Jung",The movement from looking outside to looking inside. From dreaming to awakening. The practice of lucid dreaming is exactly this movement.,Jungian,Channel,Draft
13,Sun,Reflection,Week Reflection: The Dreamer and the Dream,Are you the dreamer of the dream? Or is the dream dreaming you? Sit with this question. There's no wrong answer — only deeper inquiry.,Universal,Group,Draft
