"WILD — 3-MONTH SOCIAL MEDIA CONTENT CALENDAR (Mar 17 – Jun 14, 2026)",,,,,,,,,,
Week #,Date,Day,Platform,Audience,Content Type,Pillar,Post Copy / Script,CTA,Status,Notes
1,2026-03-17,Mon,X / Twitter,Bio,Post,Biohacking,"You've optimized your morning routine. You track HRV. You've tried every nootropic stack.

But you're unconscious for 2 hours of your brain's peak neuroplasticity window every single night.

Wake-Induced Lucid Dreaming costs nothing and works while you sleep.

Download the free 7-Night WILD Protocol: [LINK]",Download the free 7-Night WILD Protocol: [LINK],Draft,Theme: FOUNDATION
1,2026-03-18,Tue,Reddit,Bio,Discussion,Neuroscience,"r/biohacking | TITLE: Has anyone used Wake-Induced Lucid Dreaming as a cognitive performance tool?

I've been researching sleep-based optimization and keep coming back to WILD. Most content frames it spiritually, but the neuroscience is compelling — maintaining metacognitive awareness during REM shows measurable prefrontal activation changes. Has anyone incorporated this into their stack? I've been testing a structured 7-night protocol.",Download the free 7-Night WILD Protocol: [LINK],Draft,Theme: FOUNDATION
1,2026-03-19,Wed,X / Twitter,Bio,Post,Overnight Productivity,"Your brain doesn't turn off during sleep.

During REM:
- Prefrontal cortex reactivates
- Memory consolidation spikes
- Creative problem-solving peaks

Some people are conscious for this window. Most aren't.

The difference is trainable.

Download the free 7-Night WILD Protocol: [LINK]",Download the free 7-Night WILD Protocol: [LINK],Draft,Theme: FOUNDATION
1,2026-03-19,Wed,X / Twitter,Both,Post,Cross-Platform,"Every night your brain enters a state of unconstrained creative processing.

Scientists call it REM. Mystics call it the dream gateway.

Both agree: most people waste it entirely.

There is a way to be present for it. It takes 7 nights to learn.

Start your journey tonight — free protocol: [LINK]",Start your journey tonight — free protocol: [LINK],Draft,Theme: FOUNDATION
1,2026-03-20,Thu,TikTok,Bio,Script (45s),Neuroscience,"[0-3s HOOK] Your brain spends two hours every night in its highest-performance state. And you're completely unconscious for it.

[3-20s] REM sleep is when your prefrontal cortex reactivates and creative problem-solving peaks. Athletes use mental rehearsal during this window. Programmers solve architecture problems.

[20-40s] Wake-Induced Lucid Dreaming lets you stay conscious during REM. Not spiritual — neurological. I built a 7-night protocol.

[40-45s CTA] Link in bio. Free. Your brain is working — might as well be there.",Download the free 7-Night WILD Protocol: [LINK],Draft,Theme: FOUNDATION
1,2026-03-21,Fri,X / Twitter,Bio,Post,Biohacking,"ROI of performance biohacks:

Cold plunge: $0-$5K setup, 3 min/day
Nootropics: $50-$200/mo
Meditation: 20 min/day, years to master
WILD: $0, runs during sleep

The only neuro-hack that works while you're not trying.

Download the free 7-Night WILD Protocol: [LINK]",Download the free 7-Night WILD Protocol: [LINK],Draft,Theme: FOUNDATION
1,2026-03-22,Sat,X / Twitter,Bio,Thread,Neuroscience,"THREAD: The neuroscience of lucid dreaming — what happens in your brain when you wake up inside a dream

1/ During REM, something unusual happens: norepinephrine drops to near zero while dopamine spikes. Your brain enters unconstrained associative thinking.

2/ In non-lucid REM, your prefrontal cortex is mostly offline. But EEG studies show lucid dreamers exhibit gamma wave activity (35-45 Hz) in the prefrontal region — the same frequency linked to heightened awareness.

3/ This means lucid dreaming has a measurable neural signature. It's not a reporting artifact. It's a real, detectable cognitive state.

4/ The skill of WILD (Wake-Induced Lucid Dreaming) is maintaining awareness through the hypnagogic transition into REM. It's trainable — and I built a free 7-night protocol.

Download the free 7-Night WILD Protocol: [LINK]",Download the free 7-Night WILD Protocol: [LINK],Draft,Theme: FOUNDATION
1,2026-03-17,Mon,Instagram / X,Spiritual,Post,Consciousness Gateway,"Every night, you cross a threshold between worlds.

For a few brief moments, awareness hovers between waking and dreaming — images flicker, sounds arise from nowhere, the body dissolves.

Most people fall unconscious at this exact moment.

But what if you could stay?

Begin the free 7-Night Lucid Dream Initiation: [LINK]",Begin the free 7-Night Lucid Dream Initiation: [LINK],Draft,Theme: FOUNDATION
1,2026-03-18,Tue,Reddit,Spiritual,Discussion,Ancient Traditions,"r/Meditation | TITLE: The connection between meditation and lucid dreaming — ancient traditions got there first

I've been exploring the overlap between meditative awareness and dream consciousness. Tibetan Dream Yoga specifically teaches maintaining awareness through the sleep transition as a form of spiritual practice. The monks who practice this describe experiences remarkably similar to what Western researchers call WILD. Has anyone here noticed their meditation practice affecting their dream awareness?",Begin the free 7-Night Lucid Dream Initiation: [LINK],Draft,Theme: FOUNDATION
1,2026-03-19,Wed,Instagram / X,Spiritual,Post,Ancient Traditions,"For a thousand years, Tibetan monks have practiced Dream Yoga — the art of waking up inside the dream.

They didn't see sleep as rest. They saw it as a training ground for consciousness.

The practice begins with a single question:

""Am I dreaming right now?""

Ask it often enough, and one night, inside a dream, you will remember to ask.

Begin the free 7-Night Lucid Dream Initiation: [LINK]",Begin the free 7-Night Lucid Dream Initiation: [LINK],Draft,Theme: FOUNDATION
1,2026-03-20,Thu,TikTok,Spiritual,Script (50s),Hypnagogic Gateway,"[0-4s HOOK] There's a hidden doorway you pass through every night. Most people never notice it.

[4-20s] It's called hypnagogia — the space between waking and dreaming. For a few minutes, your consciousness hovers between two worlds. Images form. Sounds arise. The body dissolves. Ancient mystics called this the threshold.

[20-42s] Wake-Induced Lucid Dreaming is the practice of staying aware as you cross through. You watch the dream form around you — and you step into it, conscious. Tibetan monks have trained in this for centuries.

[42-50s CTA] I created a free 7-night guide. The initiation begins tonight. Link in bio.",Begin the free 7-Night Lucid Dream Initiation: [LINK],Draft,Theme: FOUNDATION
1,2026-03-21,Fri,Instagram / X,Spiritual,Post,Inner World Mastery,"The dream world is not random.

It is a living expression of your subconscious mind — speaking in the only language it knows: imagery, emotion, symbolism.

When you learn to become conscious inside a dream, you don't just observe this language.

You begin a conversation.

Begin the free 7-Night Lucid Dream Initiation: [LINK]",Begin the free 7-Night Lucid Dream Initiation: [LINK],Draft,Theme: FOUNDATION
1,2026-03-22,Sat,YouTube Short,Spiritual,Script (40s),Dream Symbolism,"[0-3s] Tonight, before you fall asleep, try this.

[3-15s] Lie still. Close your eyes. Don't try to sleep — just watch. Behind your eyelids, subtle images will begin to form. Geometric patterns. Faces. Fleeting scenes. This is hypnagogia.

[15-30s] Most people fall unconscious the moment this begins. But if you can simply observe — without grasping, without following — you'll discover something extraordinary: the dream begins to form around you, and you can step into it awake.

[30-40s CTA] This is the foundation of the 7-Night Lucid Dream Initiation. Free guide — link in bio.",Begin the free 7-Night Lucid Dream Initiation: [LINK],Draft,Theme: FOUNDATION
1,2026-03-23,Sun,X / Twitter,Both,Post,Cross-Platform,"Week 1 recap: Whether you approach lucid dreaming as a performance tool or a path of awareness, the entry point is the same.

Learn to notice the moment between waking and sleep. That's where it all begins.

If you haven't started yet — tonight is Night 1.

Start your journey tonight — free protocol: [LINK]",Start your journey tonight — free protocol: [LINK],Draft,Theme: FOUNDATION
1,2026-03-23,Sun,X / Twitter,Bio,Post,Biohacking,"Week 1 data check: If you started the WILD Protocol this week, reply with your Night 1 tracking data.

Sleep onset time:
WBTB alarm time:
Hypnagogia observed (Y/N):
Notes:

Let's build a dataset. Your data helps everyone.

Download the free 7-Night WILD Protocol: [LINK]",Download the free 7-Night WILD Protocol: [LINK],Draft,Theme: FOUNDATION
1,2026-03-23,Sun,Instagram / X,Spiritual,Post,Consciousness Gateway,"Sunday reflection:

Did you notice hypnagogia this week? The images that form as you drift toward sleep?

Most people never pay attention to this threshold moment. You did.

That attention is the seed of everything that follows.

Share what you noticed — even small observations matter.",Begin the free 7-Night Lucid Dream Initiation: [LINK],Draft,Theme: FOUNDATION
2,2026-03-24,Mon,X / Twitter,Bio,Post,Neuroscience,"Your brain enters REM roughly every 90 minutes. By morning, your final REM cycle is 45-60 minutes long.

Dopamine surges. Norepinephrine drops to zero. Creative cognition peaks.

Lucid dreamers are conscious during this exact window.

You're not. Yet.

Download the free 7-Night WILD Protocol: [LINK]",Download the free 7-Night WILD Protocol: [LINK],Draft,Theme: FOUNDATION
2,2026-03-25,Tue,Reddit,Bio,Discussion,Biohacking,"r/nootropics | TITLE: REM sleep as cognitive enhancement — why isn't this discussed more?

We constantly discuss what to take for cognition, but rarely discuss REM manipulation. The research on sleep-based memory consolidation is solid. Less discussed: maintaining conscious awareness during REM as active cognitive training. Building a biohacking protocol around this. Anyone have data?",Download the free 7-Night WILD Protocol: [LINK],Draft,Theme: FOUNDATION
2,2026-03-26,Wed,X / Twitter,Bio,Post,Sleep Anxiety,"Something nobody tells Oura Ring users:

Obsessively checking your sleep score is destroying your sleep quality.

It's called orthosomnia — performance anxiety for sleeping.

WILD reframes sleep as an active skill.

Download the free 7-Night WILD Protocol: [LINK]",Download the free 7-Night WILD Protocol: [LINK],Draft,Theme: FOUNDATION
2,2026-03-26,Wed,X / Twitter,Both,Post,Cross-Platform,"730 hours per year. That's how much REM sleep you'll have.

A neuroscientist sees wasted cognitive potential.
A mystic sees an unexplored dimension of consciousness.

Both are right. Both can be addressed.

It starts with 7 nights.

Start your journey tonight — free protocol: [LINK]",Start your journey tonight — free protocol: [LINK],Draft,Theme: FOUNDATION
2,2026-03-27,Thu,TikTok,Bio,Script (55s),Biohacking,"[0-3s HOOK] Here's a biohack that costs nothing and runs automatically every night.

[3-20s] You've tried cold plunges, nootropics, HRV training. But they only work during waking hours. What about the 8 hours you're not using?

[20-45s] WILD lets you stay conscious during REM. Norepinephrine drops, dopamine spikes, unconstrained creative processing. 90 minutes per night most people sleep through.

[45-55s CTA] Free 7-night protocol. Structured like a biohacking experiment. Link in bio.",Download the free 7-Night WILD Protocol: [LINK],Draft,Theme: FOUNDATION
2,2026-03-28,Fri,X / Twitter,Bio,Post,Status Signal,"DARPA has funded research into sleep-based performance enhancement.

Neuroscience labs study metacognitive awareness in REM.

Startups build EEG headbands to trigger it automatically.

The low-tech version requires no hardware. It's centuries old.

Download the free 7-Night WILD Protocol: [LINK]",Download the free 7-Night WILD Protocol: [LINK],Draft,Theme: FOUNDATION
2,2026-03-29,Sat,X / Twitter,Bio,Thread,Overnight Productivity,"THREAD: How athletes, inventors, and programmers use sleep as a performance tool

1/ Nikola Tesla used hypnagogic hallucinations to prototype inventions. He would hold steel balls over a metal plate — the moment he fell asleep, they'd drop and wake him, preserving the hypnagogic imagery.

2/ Studies show athletes who perform mental rehearsal during sleep improve motor performance significantly faster than those who only practice while awake.

3/ A software architect I spoke with builds entire systems in lucid dreams — testing edge cases visually before writing a single line of code.

4/ The common thread: REM sleep is not passive. It's an active cognitive workspace. The question is whether you're conscious for it.

Download the free 7-Night WILD Protocol: [LINK]",Download the free 7-Night WILD Protocol: [LINK],Draft,Theme: FOUNDATION
2,2026-03-24,Mon,Instagram / X,Spiritual,Post,Dream Symbolism,"Your dreams are not random.

Every image, every face, every landscape — your subconscious chose it for a reason.

Water often means emotion. Flying often means freedom. Being chased often means avoidance.

But the true meaning is always personal.

Lucid dreaming lets you ask the dream directly: what are you showing me?

Begin the free 7-Night Lucid Dream Initiation: [LINK]",Begin the free 7-Night Lucid Dream Initiation: [LINK],Draft,Theme: FOUNDATION
2,2026-03-25,Tue,Reddit,Spiritual,Discussion,Consciousness Gateway,"r/LucidDreaming | TITLE: WILD framed as consciousness training changed my success rate completely

Two years of sporadic attempts with almost no results. What changed: I stopped treating it as a technique and started treating it as awareness training. The hypnagogic transition isn't a problem to solve — it's an experience to witness. Once I shifted from doing to being present, my success rate went from 5% to over 50%. Anyone else notice this?",Begin the free 7-Night Lucid Dream Initiation: [LINK],Draft,Theme: FOUNDATION
2,2026-03-26,Wed,Instagram / X,Spiritual,Post,Ancient Traditions,"In Sufi tradition, the dream world is called the alam al-mithal — the imaginal realm.

It is neither fully real nor fully unreal. It exists between the material world and the world of pure spirit.

The Sufis taught that learning to navigate this realm was essential preparation for navigating consciousness itself.

Begin the free 7-Night Lucid Dream Initiation: [LINK]",Begin the free 7-Night Lucid Dream Initiation: [LINK],Draft,Theme: FOUNDATION
2,2026-03-27,Thu,TikTok,Spiritual,Script (45s),Ancient Traditions,"[0-4s HOOK] For a thousand years, monks in Tibet have practiced waking up inside their dreams.

[4-20s] They call it Dream Yoga. The practice: recognise the dream as a dream while still inside it. Not to control it — but to understand that the waking world and the dream world share the same nature. Both are constructions of consciousness.

[20-38s] Wake-Induced Lucid Dreaming is the doorway to this practice. You learn to stay aware as the dream forms around you. It's not magic — it's attention.

[38-45s CTA] I created a free 7-night initiation guide. Ancient practice, modern structure. Link in bio.",Begin the free 7-Night Lucid Dream Initiation: [LINK],Draft,Theme: FOUNDATION
2,2026-03-28,Fri,Instagram / X,Spiritual,Post,Hypnagogic Gateway,"Tonight, try this:

As you lie down to sleep, don't try to fall asleep. Just watch.

Notice the moment images begin to form behind your eyelids. Don't follow them. Don't push them away. Just observe.

You are standing at the threshold between worlds.

What do you see?

Begin the free 7-Night Lucid Dream Initiation: [LINK]",Begin the free 7-Night Lucid Dream Initiation: [LINK],Draft,Theme: FOUNDATION
2,2026-03-29,Sat,YouTube Short,Spiritual,Script (50s),Inner World Mastery,"[0-3s] The most powerful meditation you can do happens while you sleep.

[3-20s] During REM, your subconscious constructs entire worlds — landscapes, people, stories. It's doing this right now, every night, whether you're aware of it or not. The question is: can you be present for it?

[20-42s] Wake-Induced Lucid Dreaming is exactly this. You maintain the thread of awareness as your body falls asleep and the dream forms around you. Inside, you can explore, ask questions, face fears, and discover parts of yourself you've never met.

[42-50s CTA] I wrote a free 7-night guide. Starts tonight. Link in bio.",Begin the free 7-Night Lucid Dream Initiation: [LINK],Draft,Theme: FOUNDATION
2,2026-03-30,Sun,X / Twitter,Both,Post,Cross-Platform,"Week 2 complete. Two different communities exploring the same territory from different angles.

The science community tracks data and optimizes technique.
The consciousness community contemplates and deepens awareness.

Both paths lead to the same place: waking up inside the dream.",Start your journey tonight — free protocol: [LINK],Draft,Theme: FOUNDATION
2,2026-03-30,Sun,X / Twitter,Bio,Post,Neuroscience,"Week 2 tracking thread: Share your data.

Nights attempted:
Hypnagogia reached (Y/N):
SP experienced (Y/N):
Lucidity achieved (Y/N):
Biggest insight:

The more data we share, the better the protocol gets.",Download the free 7-Night WILD Protocol: [LINK],Draft,Theme: FOUNDATION
2,2026-03-30,Sun,Instagram / X,Spiritual,Post,Inner World Mastery,"End of Week 2 reflection:

Have your dreams changed since you started paying attention?

Many people report that simply intending to become aware in dreams — even before any technique — begins to shift the quality of their dream life.

Awareness is magnetic. It draws more awareness toward it.",Begin the free 7-Night Lucid Dream Initiation: [LINK],Draft,Theme: FOUNDATION
3,2026-03-31,Mon,X / Twitter,Bio,Post,Biohacking,"A programmer I know solves architecture problems while lucid dreaming.

Enters a dream, builds the system visually, tests edge cases, wakes up and codes it.

No whiteboard. No rubber duck. Pure prefrontal activation.

Trainable. 7 nights.

Download the free 7-Night WILD Protocol: [LINK]",Download the free 7-Night WILD Protocol: [LINK],Draft,Theme: FOUNDATION
3,2026-04-01,Tue,Reddit,Bio,Discussion,Neuroscience,"r/biohacking | TITLE: The wearable data you're missing — what Oura can't tell you about REM quality

Oura and Whoop track REM duration well. What they don't tell you: the quality of what you're doing during REM. Two people can have identical REM scores and radically different outcomes because one is actively engaging prefrontal processing. This is the core argument for WILD as a performance tool.",Download the free 7-Night WILD Protocol: [LINK],Draft,Theme: FOUNDATION
3,2026-04-02,Wed,X / Twitter,Bio,Post,Overnight Productivity,"Most people use 16 hours of consciousness per day.

Lucid dreamers use 17.5.

That's 45+ extra hours per month.

No supplements. No waking up earlier. Just using sleep differently.

Download the free 7-Night WILD Protocol: [LINK]",Download the free 7-Night WILD Protocol: [LINK],Draft,Theme: FOUNDATION
3,2026-04-02,Wed,X / Twitter,Both,Post,Cross-Platform,"Sleep paralysis is the most misunderstood experience in human biology.

Neuroscience: your brainstem inhibits motor neurons via glycine. Normal protective mechanism.

Ancient traditions: the threshold guardian at the gate between worlds.

Both true. Neither reason to be afraid.

It's the doorway to lucid dreaming.

Start your journey tonight — free protocol: [LINK]",Start your journey tonight — free protocol: [LINK],Draft,Theme: FOUNDATION
3,2026-04-03,Thu,TikTok,Bio,Script (50s),Sleep Anxiety,"[0-3s HOOK] If you own an Oura Ring, this might be ruining your sleep.

[3-20s] It's called orthosomnia — performance anxiety about your sleep score. You check the app first thing in the morning, and if the number is bad, your whole day feels off. The irony: worrying about sleep quality destroys sleep quality.

[20-42s] WILD flips the script. Instead of passively monitoring sleep, you actively engage with it. You stop being a spectator of your sleep data and become a participant in your sleep architecture.

[42-50s CTA] Free 7-night protocol. Stop watching your sleep. Start using it. Link in bio.",Download the free 7-Night WILD Protocol: [LINK],Draft,Theme: FOUNDATION
3,2026-04-04,Fri,X / Twitter,Bio,Post,Neuroscience,"The brain uses 25% of the body's energy.

During REM: memory consolidation, emotional processing, creative synthesis.

Your brain is running its most important operations while you're unconscious.

Imagine attending the meeting where your best ideas are generated.

That's WILD.

Download the free 7-Night WILD Protocol: [LINK]",Download the free 7-Night WILD Protocol: [LINK],Draft,Theme: FOUNDATION
3,2026-04-05,Sat,X / Twitter,Bio,Thread,Biohacking,"THREAD: Sleep paralysis — the science behind the most misunderstood stage of WILD

1/ During REM, your ventromedial medulla suppresses motor neurons via glycine and GABA. Your voluntary muscles go offline. Your diaphragm is unaffected — you're breathing normally.

2/ If you enter REM consciously (via WILD), you experience this inhibition while awake. That's all sleep paralysis is: REM atonia with awareness.

3/ The 'shadow figures' some people report are a neurological artifact — threat-detection systems combining sensory deprivation with REM emotional activation.

4/ Understanding the physiology eliminates the fear. SP is the gateway state, not a threat. Most transitions to full lucidity happen within 30-90 seconds of successful SP stabilization.

Download the free 7-Night WILD Protocol: [LINK]",Download the free 7-Night WILD Protocol: [LINK],Draft,Theme: FOUNDATION
3,2026-03-31,Mon,Instagram / X,Spiritual,Post,Ancient Traditions,"The Taoists called it 'dreaming while awake.'

Not in the metaphorical sense. Literally: training consciousness to remain present while the body enters the dream state.

Chuang Tzu's butterfly dream wasn't just philosophy.

It was a practice report.

Begin the free 7-Night Lucid Dream Initiation: [LINK]",Begin the free 7-Night Lucid Dream Initiation: [LINK],Draft,Theme: FOUNDATION
3,2026-04-01,Tue,Reddit,Spiritual,Discussion,Dream Symbolism,"r/Jung | TITLE: Active imagination vs. lucid dreaming — exploring the overlap

Jung developed active imagination as a way to dialogue with the unconscious. Lucid dreaming seems to offer the same capacity, but within the dream environment itself — a space the unconscious has already constructed. Has anyone experienced lucid dreams that felt more like active imagination sessions than typical dream adventures?",Begin the free 7-Night Lucid Dream Initiation: [LINK],Draft,Theme: FOUNDATION
3,2026-04-02,Wed,Instagram / X,Spiritual,Post,Consciousness Gateway,"There are two kinds of sleep:

One where consciousness dissolves into darkness.

One where consciousness passes through a doorway into another world — and knows it.

The difference is not talent. It's training.

The training takes 7 nights.

Begin the free 7-Night Lucid Dream Initiation: [LINK]",Begin the free 7-Night Lucid Dream Initiation: [LINK],Draft,Theme: FOUNDATION
3,2026-04-03,Thu,TikTok,Spiritual,Script (45s),Dream Symbolism,"[0-4s HOOK] Your dreams are trying to tell you something. But you keep falling asleep before you can listen.

[4-20s] Every symbol in your dream — water, fire, flying, falling — is your subconscious speaking in the only language it knows. When you're unconscious, you can't respond. But when you're lucid — when you're aware inside the dream — you can ask the dream directly: what are you showing me?

[20-38s] Lucid dreaming isn't about control. It's about conversation. A dialogue between your conscious mind and the vast intelligence beneath it.

[38-45s CTA] I wrote a free 7-night initiation. The conversation starts tonight. Link in bio.",Begin the free 7-Night Lucid Dream Initiation: [LINK],Draft,Theme: FOUNDATION
3,2026-04-04,Fri,Instagram / X,Spiritual,Post,Hypnagogic Gateway,"The space between waking and dreaming lasts only minutes.

In that space: images arise unbidden. Sounds appear from nowhere. The body begins to dissolve.

Every mystical tradition that worked with dreams began here.

It is the narrowest door — and it opens every single night.

Begin the free 7-Night Lucid Dream Initiation: [LINK]",Begin the free 7-Night Lucid Dream Initiation: [LINK],Draft,Theme: FOUNDATION
3,2026-04-05,Sat,YouTube Short,Spiritual,Script (45s),Ancient Traditions,"[0-3s] Shamans have entered the dream world consciously for thousands of years.

[3-20s] In shamanic traditions, the dream is not imaginary — it's a different layer of reality. The practitioner enters sleep with intention, maintains awareness, and navigates the dream environment as a conscious explorer.

[20-38s] Wake-Induced Lucid Dreaming is the modern framework for the same practice. No ritual required — just attention, patience, and a willingness to stay present as the dream forms.

[38-45s CTA] Free 7-night guide in the bio.",Begin the free 7-Night Lucid Dream Initiation: [LINK],Draft,Theme: FOUNDATION
3,2026-04-06,Sun,X / Twitter,Both,Post,Cross-Platform,"Week 3. By now, some of you have experienced hypnagogia consciously.

You've seen the images. Heard the sounds. Felt the body go still.

You're closer than you think.

Keep going.",Start your journey tonight — free protocol: [LINK],Draft,Theme: FOUNDATION
3,2026-04-06,Sun,X / Twitter,Bio,Post,Biohacking,"Week 3 data: Who hit their first lucid moment this week?

Duration:
Method:
What triggered awareness:
What happened next:

Every data point improves the model.",Download the free 7-Night WILD Protocol: [LINK],Draft,Theme: FOUNDATION
3,2026-04-06,Sun,Instagram / X,Spiritual,Post,Inner World Mastery,"Week 3 question:

Has the boundary between waking and dreaming begun to feel thinner?

That's not your imagination. That's your awareness stretching.

This is how it begins.",Begin the free 7-Night Lucid Dream Initiation: [LINK],Draft,Theme: FOUNDATION
4,2026-04-07,Mon,X / Twitter,Bio,Post,Biohacking,"I built a free 7-night protocol for Wake-Induced Lucid Dreaming.

Not the mystical version. The biohacking version.

Covers:
- Circadian preparation
- Hypnagogia control
- Sleep paralysis stabilization
- Dream awareness anchoring
- Performance tracking

Download the free 7-Night WILD Protocol: [LINK]",Download the free 7-Night WILD Protocol: [LINK],Draft,Theme: FOUNDATION
4,2026-04-08,Tue,Reddit,Bio,Discussion,Overnight Productivity,"r/productivity | TITLE: Using sleep as a productivity tool, not just recovery

Most frameworks treat sleep as passive recovery. But for REM specifically, there's evidence for active problem solving and skill rehearsal. Some are training to be conscious during REM (WILD). Use cases: pitch scenarios, debugging code, processing decisions. I've been testing a structured protocol and the results are unexpected. Anyone else?",Download the free 7-Night WILD Protocol: [LINK],Draft,Theme: FOUNDATION
4,2026-04-09,Wed,X / Twitter,Bio,Post,Neuroscience,"The difference between a regular dream and a lucid dream?

35-45 Hz gamma wave activation in the prefrontal cortex.

Measurable. Detectable. Trainable.

Lucid dreaming isn't mystical. It's neurological.

Download the free 7-Night WILD Protocol: [LINK]",Download the free 7-Night WILD Protocol: [LINK],Draft,Theme: FOUNDATION
4,2026-04-09,Wed,X / Twitter,Both,Post,Cross-Platform,"Month 1 complete.

Some of you approached this as cognitive optimization.
Some of you approached it as consciousness exploration.

Same technique. Same results. Different language.

Month 2 goes deeper. Both paths.

If you haven't started: Start your journey tonight — free protocol: [LINK]",Start your journey tonight — free protocol: [LINK],Draft,Theme: FOUNDATION
4,2026-04-10,Thu,TikTok,Bio,Script (50s),Neuroscience,"[0-3s HOOK] Tesla invented the AC motor in a hypnagogic hallucination. Einstein dreamed about riding a light beam.

[3-20s] Hypnagogia is the transition between waking and sleep. The brain's default mode network runs at full power with almost no inhibition. Most people fall unconscious in seconds. Some have learned to stay.

[20-42s] WILD is the skill of remaining conscious through this transition into REM. Your prefrontal cortex doesn't fully deactivate — it just needs different engagement.

[42-50s CTA] Free 7-night protocol. Link in bio.",Download the free 7-Night WILD Protocol: [LINK],Draft,Theme: FOUNDATION
4,2026-04-11,Fri,X / Twitter,Bio,Post,Status Signal,"Silicon Valley founders are quietly adding WILD to their optimization stacks.

No app. No subscription. No hardware.

Just a trainable neurological skill that turns sleep into a cognitive workspace.

The alpha is in the protocol: Download the free 7-Night WILD Protocol: [LINK]",Download the free 7-Night WILD Protocol: [LINK],Draft,Theme: FOUNDATION
4,2026-04-12,Sat,X / Twitter,Bio,Thread,Biohacking,"THREAD: Month 1 results — community data from 4 weeks of the WILD protocol

1/ Pattern: Circadian consistency is the #1 predictor. People with irregular sleep schedules had near-zero success.

2/ WBTB timing matters enormously. The 5-hour mark consistently outperformed 4 or 6.

3/ Sleep paralysis avoidance is the #1 reason people quit. Understanding the physiology eliminates the fear.

4/ Average first-lucidity: Night 5-6 for those who completed every step. Night never for those who skipped circadian prep.

5/ Month 2 begins now. We go deeper.

Download the free 7-Night WILD Protocol: [LINK]",Download the free 7-Night WILD Protocol: [LINK],Draft,Theme: FOUNDATION
4,2026-04-07,Mon,Instagram / X,Spiritual,Post,Consciousness Gateway,"What if falling asleep is not losing consciousness — but consciousness changing direction?

Inward. Toward its own depths.

The practice of lucid dreaming is simply this: following consciousness as it turns inward, and remaining present for the journey.

Begin the free 7-Night Lucid Dream Initiation: [LINK]",Begin the free 7-Night Lucid Dream Initiation: [LINK],Draft,Theme: FOUNDATION
4,2026-04-08,Tue,Reddit,Spiritual,Discussion,Inner World Mastery,"r/spirituality | TITLE: Lucid dreaming as a genuine spiritual practice — not just entertainment

Most online discussion about lucid dreaming focuses on flying and wish fulfillment. But the contemplative traditions that worked with dream awareness — Tibetan Dream Yoga, Taoist inner dreaming, Sufi dream work — used it as serious spiritual training. The dream becomes a mirror for the nature of mind itself. Anyone practice lucid dreaming as genuine inner work?",Begin the free 7-Night Lucid Dream Initiation: [LINK],Draft,Theme: FOUNDATION
4,2026-04-09,Wed,Instagram / X,Spiritual,Post,Ancient Traditions,"The Sufis speak of the alam al-mithal — the imaginal world.

Neither material nor purely spiritual. A dimension between dimensions.

Every night, you enter this realm. Every night, you could explore it.

The mystics mapped this territory centuries ago. The map is still accurate.

Begin the free 7-Night Lucid Dream Initiation: [LINK]",Begin the free 7-Night Lucid Dream Initiation: [LINK],Draft,Theme: FOUNDATION
4,2026-04-10,Thu,TikTok,Spiritual,Script (50s),Consciousness Gateway,"[0-4s HOOK] What if I told you there's a version of you that's been awake inside your dreams this whole time — and you just haven't met them yet?

[4-20s] In Tibetan Buddhism, they call it the clear light of sleep — a state of awareness that persists even when the waking mind dissolves. The practice isn't about adding something. It's about removing the habit of unconsciousness.

[20-42s] Wake-Induced Lucid Dreaming is the most accessible entry point. You learn to watch as the dream forms around your awareness. Not control — presence.

[42-50s CTA] I wrote a free 7-night initiation guide. Ancient practice, modern language. Link in bio.",Begin the free 7-Night Lucid Dream Initiation: [LINK],Draft,Theme: FOUNDATION
4,2026-04-11,Fri,Instagram / X,Spiritual,Post,Dream Symbolism,"The unconscious mind has been speaking to you every night of your life.

In images. In feelings. In stories that dissolve by morning.

Lucid dreaming is learning to listen.

Not to control the conversation — but to finally be present for it.

Begin the free 7-Night Lucid Dream Initiation: [LINK]",Begin the free 7-Night Lucid Dream Initiation: [LINK],Draft,Theme: FOUNDATION
4,2026-04-12,Sat,YouTube Short,Spiritual,Script (40s),Hypnagogic Gateway,"[0-3s] There is a door between waking and dreaming. It opens for a few minutes every night.

[3-18s] Hypnagogia — the threshold state. Images form. Sounds arise. The body dissolves. Most people pass through unconsciously. But you can learn to pause here. To watch. To step through with eyes open.

[18-33s] This is the oldest consciousness practice in human history. Tibetans. Taoists. Sufis. Shamans. All began here.

[33-40s CTA] 7-night free guide. Begin tonight. Link in bio.",Begin the free 7-Night Lucid Dream Initiation: [LINK],Draft,Theme: FOUNDATION
4,2026-04-13,Sun,X / Twitter,Both,Post,Cross-Platform,"Month 1 is done. The foundation is set.

Month 2: we go deeper. Advanced techniques. Community formation. Shared practice.

Two communities. Two languages. One practice.

If this month changed something in your experience of sleep — you're ready for what's next.",Start your journey tonight — free protocol: [LINK],Draft,Theme: FOUNDATION
4,2026-04-13,Sun,X / Twitter,Bio,Post,Biohacking,"End of Month 1. Final tracking thread.

Total lucid nights:
Best technique:
Biggest surprise:
Would you continue (Y/N):

Month 2 launches Monday. The protocol gets more precise.",Download the free 7-Night WILD Protocol: [LINK],Draft,Theme: FOUNDATION
4,2026-04-13,Sun,Instagram / X,Spiritual,Post,Inner World Mastery,"One month of attention to the dream world.

What has shifted?

Some of you have touched lucidity. Some have had dreams more vivid than before. Some have simply begun to remember.

All of this is the practice working.

Month 2: we go deeper into the dream.

Are you ready?",Begin the free 7-Night Lucid Dream Initiation: [LINK],Draft,Theme: FOUNDATION
6,2026-04-21,Mon,X / Twitter,Bio,Post,Biohacking,TOPIC: Advanced supplement stacks for REM enhancement,Download the free 7-Night WILD Protocol: [LINK],Draft,Theme: DEEPENING
6,2026-04-22,Tue,Reddit,Bio,Discussion,Neuroscience,TOPIC: r/biohacking — Discussion around sleep architecture manipulation — polyphasic sleep and wild,Download the free 7-Night WILD Protocol: [LINK],Draft,Theme: DEEPENING
6,2026-04-23,Wed,X / Twitter,Bio,Post,Biohacking,TOPIC: Contrarian take on advanced supplement stacks for rem enhancement,Download the free 7-Night WILD Protocol: [LINK],Draft,Theme: DEEPENING
6,2026-04-23,Wed,X / Twitter,Both,Post,Cross-Platform,TOPIC: Bridging science and spirit — Week 6 unified insight on the nature of dream awareness,Start your journey tonight — free protocol: [LINK],Draft,Theme: DEEPENING
6,2026-04-24,Thu,TikTok,Bio,Script,Neuroscience,TOPIC: Science explainer — Sleep architecture manipulation — polyphasic sleep and WILD,Download the free 7-Night WILD Protocol: [LINK],Draft,Theme: DEEPENING
6,2026-04-25,Fri,X / Twitter,Bio,Post,Biohacking,TOPIC: Results-focused conversion post — Advanced supplement stacks for REM enhancement,Download the free 7-Night WILD Protocol: [LINK],Draft,Theme: DEEPENING
6,2026-04-26,Sat,X / Twitter,Bio,Thread,Neuroscience,TOPIC: Deep-dive thread — Sleep architecture manipulation — polyphasic sleep and WILD,Download the free 7-Night WILD Protocol: [LINK],Draft,Theme: DEEPENING
6,2026-04-21,Mon,Instagram / X,Spiritual,Post,Inner World Mastery,TOPIC: The empty room meditation — preparing for dream awareness,Begin the free 7-Night Lucid Dream Initiation: [LINK],Draft,Theme: DEEPENING
6,2026-04-22,Tue,Reddit,Spiritual,Discussion,Ancient Traditions,TOPIC: Discussion — Shamanic dream journeys — navigating the dreamscape with intention,Begin the free 7-Night Lucid Dream Initiation: [LINK],Draft,Theme: DEEPENING
6,2026-04-23,Wed,Instagram / X,Spiritual,Post,Ancient Traditions,TOPIC: Shamanic dream journeys — navigating the dreamscape with intention,Begin the free 7-Night Lucid Dream Initiation: [LINK],Draft,Theme: DEEPENING
6,2026-04-24,Thu,TikTok,Spiritual,Script,Consciousness Gateway,TOPIC: Mystical storytelling — The empty room meditation — preparing for dream awareness,Begin the free 7-Night Lucid Dream Initiation: [LINK],Draft,Theme: DEEPENING
6,2026-04-25,Fri,Instagram / X,Spiritual,Post,Consciousness Gateway,TOPIC: Practice invitation — Shamanic dream journeys — navigating the dreamscape with intention,Begin the free 7-Night Lucid Dream Initiation: [LINK],Draft,Theme: DEEPENING
6,2026-04-26,Sat,YouTube Short,Spiritual,Script,Ancient Traditions,TOPIC: Guided instruction — The empty room meditation — preparing for dream awareness,Begin the free 7-Night Lucid Dream Initiation: [LINK],Draft,Theme: DEEPENING
6,2026-04-27,Sun,X / Twitter,Both,Post,Cross-Platform,TOPIC: Week 6 roundup — highlights from both communities,Start your journey tonight — free protocol: [LINK],Draft,Theme: DEEPENING
6,2026-04-27,Sun,X / Twitter,Bio,Post,Biohacking,TOPIC: Week 6 data collection + community analytics share,Download the free 7-Night WILD Protocol: [LINK],Draft,Theme: DEEPENING
6,2026-04-27,Sun,Instagram / X,Spiritual,Post,Inner World Mastery,TOPIC: Sunday reflection — contemplation prompt for Week 6,Begin the free 7-Night Lucid Dream Initiation: [LINK],Draft,Theme: DEEPENING
7,2026-04-28,Mon,X / Twitter,Bio,Post,Status Signal,TOPIC: Community member success story — first 30-day streak,Download the free 7-Night WILD Protocol: [LINK],Draft,Theme: DEEPENING
7,2026-04-29,Tue,Reddit,Bio,Discussion,Biohacking,TOPIC: r/biohacking — Discussion around comparing wild vs. mild vs. dild — data-driven analysis,Download the free 7-Night WILD Protocol: [LINK],Draft,Theme: DEEPENING
7,2026-04-30,Wed,X / Twitter,Bio,Post,Biohacking,TOPIC: Contrarian take on community member success story — first 30-day streak,Download the free 7-Night WILD Protocol: [LINK],Draft,Theme: DEEPENING
7,2026-04-30,Wed,X / Twitter,Both,Post,Cross-Platform,TOPIC: Bridging science and spirit — Week 7 unified insight on the nature of dream awareness,Start your journey tonight — free protocol: [LINK],Draft,Theme: DEEPENING
7,2026-05-01,Thu,TikTok,Bio,Script,Neuroscience,TOPIC: Science explainer — Comparing WILD vs. MILD vs. DILD — data-driven analysis,Download the free 7-Night WILD Protocol: [LINK],Draft,Theme: DEEPENING
7,2026-05-02,Fri,X / Twitter,Bio,Post,Status Signal,TOPIC: Results-focused conversion post — Community member success story — first 30-day streak,Download the free 7-Night WILD Protocol: [LINK],Draft,Theme: DEEPENING
7,2026-05-03,Sat,X / Twitter,Bio,Thread,Neuroscience,TOPIC: Deep-dive thread — Comparing WILD vs. MILD vs. DILD — data-driven analysis,Download the free 7-Night WILD Protocol: [LINK],Draft,Theme: DEEPENING
7,2026-04-28,Mon,Instagram / X,Spiritual,Post,Dream Symbolism,TOPIC: Dream signs as messages from the deeper self,Begin the free 7-Night Lucid Dream Initiation: [LINK],Draft,Theme: DEEPENING
7,2026-04-29,Tue,Reddit,Spiritual,Discussion,Ancient Traditions,TOPIC: Discussion — The witness consciousness in sleep — Advaita Vedanta perspective,Begin the free 7-Night Lucid Dream Initiation: [LINK],Draft,Theme: DEEPENING
7,2026-04-30,Wed,Instagram / X,Spiritual,Post,Consciousness Gateway,TOPIC: The witness consciousness in sleep — Advaita Vedanta perspective,Begin the free 7-Night Lucid Dream Initiation: [LINK],Draft,Theme: DEEPENING
7,2026-05-01,Thu,TikTok,Spiritual,Script,Consciousness Gateway,TOPIC: Mystical storytelling — Dream signs as messages from the deeper self,Begin the free 7-Night Lucid Dream Initiation: [LINK],Draft,Theme: DEEPENING
7,2026-05-02,Fri,Instagram / X,Spiritual,Post,Consciousness Gateway,TOPIC: Practice invitation — The witness consciousness in sleep — Advaita Vedanta perspective,Begin the free 7-Night Lucid Dream Initiation: [LINK],Draft,Theme: DEEPENING
7,2026-05-03,Sat,YouTube Short,Spiritual,Script,Ancient Traditions,TOPIC: Guided instruction — Dream signs as messages from the deeper self,Begin the free 7-Night Lucid Dream Initiation: [LINK],Draft,Theme: DEEPENING
7,2026-05-04,Sun,X / Twitter,Both,Post,Cross-Platform,TOPIC: Week 7 roundup — highlights from both communities,Start your journey tonight — free protocol: [LINK],Draft,Theme: DEEPENING
7,2026-05-04,Sun,X / Twitter,Bio,Post,Biohacking,TOPIC: Week 7 data collection + community analytics share,Download the free 7-Night WILD Protocol: [LINK],Draft,Theme: DEEPENING
7,2026-05-04,Sun,Instagram / X,Spiritual,Post,Inner World Mastery,TOPIC: Sunday reflection — contemplation prompt for Week 7,Begin the free 7-Night Lucid Dream Initiation: [LINK],Draft,Theme: DEEPENING
8,2026-05-05,Mon,X / Twitter,Bio,Post,Overnight Productivity,TOPIC: The entrepreneur's guide to dream-based problem solving,Download the free 7-Night WILD Protocol: [LINK],Draft,Theme: DEEPENING
8,2026-05-06,Tue,Reddit,Bio,Discussion,Neuroscience,TOPIC: r/biohacking — Discussion around eeg data from home headbands — what we're learning,Download the free 7-Night WILD Protocol: [LINK],Draft,Theme: DEEPENING
8,2026-05-07,Wed,X / Twitter,Bio,Post,Biohacking,TOPIC: Contrarian take on the entrepreneur's guide to dream-based problem solving,Download the free 7-Night WILD Protocol: [LINK],Draft,Theme: DEEPENING
8,2026-05-07,Wed,X / Twitter,Both,Post,Cross-Platform,TOPIC: Bridging science and spirit — Week 8 unified insight on the nature of dream awareness,Start your journey tonight — free protocol: [LINK],Draft,Theme: DEEPENING
8,2026-05-08,Thu,TikTok,Bio,Script,Neuroscience,TOPIC: Science explainer — EEG data from home headbands — what we're learning,Download the free 7-Night WILD Protocol: [LINK],Draft,Theme: DEEPENING
8,2026-05-09,Fri,X / Twitter,Bio,Post,Overnight Productivity,TOPIC: Results-focused conversion post — The entrepreneur's guide to dream-based problem solving,Download the free 7-Night WILD Protocol: [LINK],Draft,Theme: DEEPENING
8,2026-05-10,Sat,X / Twitter,Bio,Thread,Neuroscience,TOPIC: Deep-dive thread — EEG data from home headbands — what we're learning,Download the free 7-Night WILD Protocol: [LINK],Draft,Theme: DEEPENING
8,2026-05-05,Mon,Instagram / X,Spiritual,Post,Inner World Mastery,TOPIC: Healing through dreams — emotional processing in the lucid state,Begin the free 7-Night Lucid Dream Initiation: [LINK],Draft,Theme: DEEPENING
8,2026-05-06,Tue,Reddit,Spiritual,Discussion,Ancient Traditions,TOPIC: Discussion — Sufi dream interpretation — the language of the heart,Begin the free 7-Night Lucid Dream Initiation: [LINK],Draft,Theme: DEEPENING
8,2026-05-07,Wed,Instagram / X,Spiritual,Post,Ancient Traditions,TOPIC: Sufi dream interpretation — the language of the heart,Begin the free 7-Night Lucid Dream Initiation: [LINK],Draft,Theme: DEEPENING
8,2026-05-08,Thu,TikTok,Spiritual,Script,Consciousness Gateway,TOPIC: Mystical storytelling — Healing through dreams — emotional processing in the lucid state,Begin the free 7-Night Lucid Dream Initiation: [LINK],Draft,Theme: DEEPENING
8,2026-05-09,Fri,Instagram / X,Spiritual,Post,Consciousness Gateway,TOPIC: Practice invitation — Sufi dream interpretation — the language of the heart,Begin the free 7-Night Lucid Dream Initiation: [LINK],Draft,Theme: DEEPENING
8,2026-05-10,Sat,YouTube Short,Spiritual,Script,Ancient Traditions,TOPIC: Guided instruction — Healing through dreams — emotional processing in the lucid state,Begin the free 7-Night Lucid Dream Initiation: [LINK],Draft,Theme: DEEPENING
8,2026-05-11,Sun,X / Twitter,Both,Post,Cross-Platform,TOPIC: Week 8 roundup — highlights from both communities,Start your journey tonight — free protocol: [LINK],Draft,Theme: DEEPENING
8,2026-05-11,Sun,X / Twitter,Bio,Post,Biohacking,TOPIC: Week 8 data collection + community analytics share,Download the free 7-Night WILD Protocol: [LINK],Draft,Theme: DEEPENING
8,2026-05-11,Sun,Instagram / X,Spiritual,Post,Inner World Mastery,TOPIC: Sunday reflection — contemplation prompt for Week 8,Begin the free 7-Night Lucid Dream Initiation: [LINK],Draft,Theme: DEEPENING
9,2026-05-12,Mon,X / Twitter,Bio,Post,Biohacking,TOPIC: Building a personal sleep lab for under $500,Download the free 7-Night WILD Protocol: [LINK],Draft,Theme: MASTERY
9,2026-05-13,Tue,Reddit,Bio,Discussion,Status Signal,TOPIC: r/biohacking — Discussion around interview with a neuroscience researcher on lucid dreaming,Download the free 7-Night WILD Protocol: [LINK],Draft,Theme: MASTERY
9,2026-05-14,Wed,X / Twitter,Bio,Post,Biohacking,TOPIC: Contrarian take on building a personal sleep lab for under $500,Download the free 7-Night WILD Protocol: [LINK],Draft,Theme: MASTERY
9,2026-05-14,Wed,X / Twitter,Both,Post,Cross-Platform,TOPIC: Bridging science and spirit — Week 9 unified insight on the nature of dream awareness,Start your journey tonight — free protocol: [LINK],Draft,Theme: MASTERY
9,2026-05-15,Thu,TikTok,Bio,Script,Neuroscience,TOPIC: Science explainer — Interview with a neuroscience researcher on lucid dreaming,Download the free 7-Night WILD Protocol: [LINK],Draft,Theme: MASTERY
9,2026-05-16,Fri,X / Twitter,Bio,Post,Biohacking,TOPIC: Results-focused conversion post — Building a personal sleep lab for under $500,Download the free 7-Night WILD Protocol: [LINK],Draft,Theme: MASTERY
9,2026-05-17,Sat,X / Twitter,Bio,Thread,Neuroscience,TOPIC: Deep-dive thread — Interview with a neuroscience researcher on lucid dreaming,Download the free 7-Night WILD Protocol: [LINK],Draft,Theme: MASTERY
9,2026-05-12,Mon,Instagram / X,Spiritual,Post,Inner World Mastery,TOPIC: Facing the shadow in lucid dreams — courage practice,Begin the free 7-Night Lucid Dream Initiation: [LINK],Draft,Theme: MASTERY
9,2026-05-13,Tue,Reddit,Spiritual,Discussion,Ancient Traditions,TOPIC: Discussion — The clear light of sleep — Tibetan Dream Yoga advanced practice,Begin the free 7-Night Lucid Dream Initiation: [LINK],Draft,Theme: MASTERY
9,2026-05-14,Wed,Instagram / X,Spiritual,Post,Ancient Traditions,TOPIC: The clear light of sleep — Tibetan Dream Yoga advanced practice,Begin the free 7-Night Lucid Dream Initiation: [LINK],Draft,Theme: MASTERY
9,2026-05-15,Thu,TikTok,Spiritual,Script,Consciousness Gateway,TOPIC: Mystical storytelling — Facing the shadow in lucid dreams — courage practice,Begin the free 7-Night Lucid Dream Initiation: [LINK],Draft,Theme: MASTERY
9,2026-05-16,Fri,Instagram / X,Spiritual,Post,Consciousness Gateway,TOPIC: Practice invitation — The clear light of sleep — Tibetan Dream Yoga advanced practice,Begin the free 7-Night Lucid Dream Initiation: [LINK],Draft,Theme: MASTERY
9,2026-05-17,Sat,YouTube Short,Spiritual,Script,Ancient Traditions,TOPIC: Guided instruction — Facing the shadow in lucid dreams — courage practice,Begin the free 7-Night Lucid Dream Initiation: [LINK],Draft,Theme: MASTERY
9,2026-05-18,Sun,X / Twitter,Both,Post,Cross-Platform,TOPIC: Week 9 roundup — highlights from both communities,Start your journey tonight — free protocol: [LINK],Draft,Theme: MASTERY
9,2026-05-18,Sun,X / Twitter,Bio,Post,Biohacking,TOPIC: Week 9 data collection + community analytics share,Download the free 7-Night WILD Protocol: [LINK],Draft,Theme: MASTERY
9,2026-05-18,Sun,Instagram / X,Spiritual,Post,Inner World Mastery,TOPIC: Sunday reflection — contemplation prompt for Week 9,Begin the free 7-Night Lucid Dream Initiation: [LINK],Draft,Theme: MASTERY
10,2026-05-19,Mon,X / Twitter,Bio,Post,Biohacking,TOPIC: Why WILD success rate correlates with meditation practice,Download the free 7-Night WILD Protocol: [LINK],Draft,Theme: MASTERY
10,2026-05-20,Tue,Reddit,Bio,Discussion,Neuroscience,TOPIC: r/biohacking — Discussion around month 3 advanced techniques — chaining lucid dreams,Download the free 7-Night WILD Protocol: [LINK],Draft,Theme: MASTERY
10,2026-05-21,Wed,X / Twitter,Bio,Post,Biohacking,TOPIC: Contrarian take on why wild success rate correlates with meditation practice,Download the free 7-Night WILD Protocol: [LINK],Draft,Theme: MASTERY
10,2026-05-21,Wed,X / Twitter,Both,Post,Cross-Platform,TOPIC: Bridging science and spirit — Week 10 unified insight on the nature of dream awareness,Start your journey tonight — free protocol: [LINK],Draft,Theme: MASTERY
10,2026-05-22,Thu,TikTok,Bio,Script,Neuroscience,TOPIC: Science explainer — Month 3 advanced techniques — chaining lucid dreams,Download the free 7-Night WILD Protocol: [LINK],Draft,Theme: MASTERY
10,2026-05-23,Fri,X / Twitter,Bio,Post,Biohacking,TOPIC: Results-focused conversion post — Why WILD success rate correlates with meditation practice,Download the free 7-Night WILD Protocol: [LINK],Draft,Theme: MASTERY
10,2026-05-24,Sat,X / Twitter,Bio,Thread,Neuroscience,TOPIC: Deep-dive thread — Month 3 advanced techniques — chaining lucid dreams,Download the free 7-Night WILD Protocol: [LINK],Draft,Theme: MASTERY
10,2026-05-19,Mon,Instagram / X,Spiritual,Post,Dream Symbolism,TOPIC: Recurring symbols across traditions — universal dream language,Begin the free 7-Night Lucid Dream Initiation: [LINK],Draft,Theme: MASTERY
10,2026-05-20,Tue,Reddit,Spiritual,Discussion,Ancient Traditions,TOPIC: Discussion — The dreamer and the dreamed — who are you in the dream?,Begin the free 7-Night Lucid Dream Initiation: [LINK],Draft,Theme: MASTERY
10,2026-05-21,Wed,Instagram / X,Spiritual,Post,Consciousness Gateway,TOPIC: The dreamer and the dreamed — who are you in the dream?,Begin the free 7-Night Lucid Dream Initiation: [LINK],Draft,Theme: MASTERY
10,2026-05-22,Thu,TikTok,Spiritual,Script,Consciousness Gateway,TOPIC: Mystical storytelling — Recurring symbols across traditions — universal dream language,Begin the free 7-Night Lucid Dream Initiation: [LINK],Draft,Theme: MASTERY
10,2026-05-23,Fri,Instagram / X,Spiritual,Post,Consciousness Gateway,TOPIC: Practice invitation — The dreamer and the dreamed — who are you in the dream?,Begin the free 7-Night Lucid Dream Initiation: [LINK],Draft,Theme: MASTERY
10,2026-05-24,Sat,YouTube Short,Spiritual,Script,Ancient Traditions,TOPIC: Guided instruction — Recurring symbols across traditions — universal dream language,Begin the free 7-Night Lucid Dream Initiation: [LINK],Draft,Theme: MASTERY
10,2026-05-25,Sun,X / Twitter,Both,Post,Cross-Platform,TOPIC: Week 10 roundup — highlights from both communities,Start your journey tonight — free protocol: [LINK],Draft,Theme: MASTERY
10,2026-05-25,Sun,X / Twitter,Bio,Post,Biohacking,TOPIC: Week 10 data collection + community analytics share,Download the free 7-Night WILD Protocol: [LINK],Draft,Theme: MASTERY
10,2026-05-25,Sun,Instagram / X,Spiritual,Post,Inner World Mastery,TOPIC: Sunday reflection — contemplation prompt for Week 10,Begin the free 7-Night Lucid Dream Initiation: [LINK],Draft,Theme: MASTERY
11,2026-05-26,Mon,X / Twitter,Bio,Post,Sleep Anxiety,TOPIC: Sleep quality vs. sleep quantity — the lucid dreaming perspective,Download the free 7-Night WILD Protocol: [LINK],Draft,Theme: MASTERY
11,2026-05-27,Tue,Reddit,Bio,Discussion,Overnight Productivity,TOPIC: r/biohacking — Discussion around the measurable cognitive benefits after 90 days of practice,Download the free 7-Night WILD Protocol: [LINK],Draft,Theme: MASTERY
11,2026-05-28,Wed,X / Twitter,Bio,Post,Biohacking,TOPIC: Contrarian take on sleep quality vs. sleep quantity — the lucid dreaming perspective,Download the free 7-Night WILD Protocol: [LINK],Draft,Theme: MASTERY
11,2026-05-28,Wed,X / Twitter,Both,Post,Cross-Platform,TOPIC: Bridging science and spirit — Week 11 unified insight on the nature of dream awareness,Start your journey tonight — free protocol: [LINK],Draft,Theme: MASTERY
11,2026-05-29,Thu,TikTok,Bio,Script,Neuroscience,TOPIC: Science explainer — The measurable cognitive benefits after 90 days of practice,Download the free 7-Night WILD Protocol: [LINK],Draft,Theme: MASTERY
11,2026-05-30,Fri,X / Twitter,Bio,Post,Sleep Anxiety,TOPIC: Results-focused conversion post — Sleep quality vs. sleep quantity — the lucid dreaming perspective,Download the free 7-Night WILD Protocol: [LINK],Draft,Theme: MASTERY
11,2026-05-31,Sat,X / Twitter,Bio,Thread,Neuroscience,TOPIC: Deep-dive thread — The measurable cognitive benefits after 90 days of practice,Download the free 7-Night WILD Protocol: [LINK],Draft,Theme: MASTERY
11,2026-05-26,Mon,Instagram / X,Spiritual,Post,Ancient Traditions,TOPIC: Creating a dream altar — setting sacred intention for sleep,Begin the free 7-Night Lucid Dream Initiation: [LINK],Draft,Theme: MASTERY
11,2026-05-27,Tue,Reddit,Spiritual,Discussion,Ancient Traditions,TOPIC: Discussion — Community dream sharing — collective patterns emerging,Begin the free 7-Night Lucid Dream Initiation: [LINK],Draft,Theme: MASTERY
11,2026-05-28,Wed,Instagram / X,Spiritual,Post,Inner World Mastery,TOPIC: Community dream sharing — collective patterns emerging,Begin the free 7-Night Lucid Dream Initiation: [LINK],Draft,Theme: MASTERY
11,2026-05-29,Thu,TikTok,Spiritual,Script,Consciousness Gateway,TOPIC: Mystical storytelling — Creating a dream altar — setting sacred intention for sleep,Begin the free 7-Night Lucid Dream Initiation: [LINK],Draft,Theme: MASTERY
11,2026-05-30,Fri,Instagram / X,Spiritual,Post,Consciousness Gateway,TOPIC: Practice invitation — Community dream sharing — collective patterns emerging,Begin the free 7-Night Lucid Dream Initiation: [LINK],Draft,Theme: MASTERY
11,2026-05-31,Sat,YouTube Short,Spiritual,Script,Ancient Traditions,TOPIC: Guided instruction — Creating a dream altar — setting sacred intention for sleep,Begin the free 7-Night Lucid Dream Initiation: [LINK],Draft,Theme: MASTERY
11,2026-06-01,Sun,X / Twitter,Both,Post,Cross-Platform,TOPIC: Week 11 roundup — highlights from both communities,Start your journey tonight — free protocol: [LINK],Draft,Theme: MASTERY
11,2026-06-01,Sun,X / Twitter,Bio,Post,Biohacking,TOPIC: Week 11 data collection + community analytics share,Download the free 7-Night WILD Protocol: [LINK],Draft,Theme: MASTERY
11,2026-06-01,Sun,Instagram / X,Spiritual,Post,Inner World Mastery,TOPIC: Sunday reflection — contemplation prompt for Week 11,Begin the free 7-Night Lucid Dream Initiation: [LINK],Draft,Theme: MASTERY
12,2026-06-02,Mon,X / Twitter,Bio,Post,Biohacking,TOPIC: Community challenge: 30-night streak leaderboard,Download the free 7-Night WILD Protocol: [LINK],Draft,Theme: MASTERY
12,2026-06-03,Tue,Reddit,Bio,Discussion,Status Signal,TOPIC: r/biohacking — Discussion around course launch: wild advanced practitioner now open,Download the free 7-Night WILD Protocol: [LINK],Draft,Theme: MASTERY
12,2026-06-04,Wed,X / Twitter,Bio,Post,Biohacking,TOPIC: Contrarian take on community challenge: 30-night streak leaderboard,Download the free 7-Night WILD Protocol: [LINK],Draft,Theme: MASTERY
12,2026-06-04,Wed,X / Twitter,Both,Post,Cross-Platform,TOPIC: Bridging science and spirit — Week 12 unified insight on the nature of dream awareness,Start your journey tonight — free protocol: [LINK],Draft,Theme: MASTERY
12,2026-06-05,Thu,TikTok,Bio,Script,Neuroscience,TOPIC: Science explainer — Course launch: WILD Advanced Practitioner now open,Download the free 7-Night WILD Protocol: [LINK],Draft,Theme: MASTERY
12,2026-06-06,Fri,X / Twitter,Bio,Post,Biohacking,TOPIC: Results-focused conversion post — Community challenge: 30-night streak leaderboard,Download the free 7-Night WILD Protocol: [LINK],Draft,Theme: MASTERY
12,2026-06-07,Sat,X / Twitter,Bio,Thread,Neuroscience,TOPIC: Deep-dive thread — Course launch: WILD Advanced Practitioner now open,Download the free 7-Night WILD Protocol: [LINK],Draft,Theme: MASTERY
12,2026-06-02,Mon,Instagram / X,Spiritual,Post,Consciousness Gateway,TOPIC: Month 3: teaching others to dream lucidly,Begin the free 7-Night Lucid Dream Initiation: [LINK],Draft,Theme: MASTERY
12,2026-06-03,Tue,Reddit,Spiritual,Discussion,Ancient Traditions,TOPIC: Discussion — Consciousness Circle gathering announcement — Telegram live,Begin the free 7-Night Lucid Dream Initiation: [LINK],Draft,Theme: MASTERY
12,2026-06-04,Wed,Instagram / X,Spiritual,Post,Ancient Traditions,TOPIC: Consciousness Circle gathering announcement — Telegram live,Begin the free 7-Night Lucid Dream Initiation: [LINK],Draft,Theme: MASTERY
12,2026-06-05,Thu,TikTok,Spiritual,Script,Consciousness Gateway,TOPIC: Mystical storytelling — Month 3: teaching others to dream lucidly,Begin the free 7-Night Lucid Dream Initiation: [LINK],Draft,Theme: MASTERY
12,2026-06-06,Fri,Instagram / X,Spiritual,Post,Consciousness Gateway,TOPIC: Practice invitation — Consciousness Circle gathering announcement — Telegram live,Begin the free 7-Night Lucid Dream Initiation: [LINK],Draft,Theme: MASTERY
12,2026-06-07,Sat,YouTube Short,Spiritual,Script,Ancient Traditions,TOPIC: Guided instruction — Month 3: teaching others to dream lucidly,Begin the free 7-Night Lucid Dream Initiation: [LINK],Draft,Theme: MASTERY
12,2026-06-08,Sun,X / Twitter,Both,Post,Cross-Platform,TOPIC: Week 12 roundup — highlights from both communities,Start your journey tonight — free protocol: [LINK],Draft,Theme: MASTERY
12,2026-06-08,Sun,X / Twitter,Bio,Post,Biohacking,TOPIC: Week 12 data collection + community analytics share,Download the free 7-Night WILD Protocol: [LINK],Draft,Theme: MASTERY
12,2026-06-08,Sun,Instagram / X,Spiritual,Post,Inner World Mastery,TOPIC: Sunday reflection — contemplation prompt for Week 12,Begin the free 7-Night Lucid Dream Initiation: [LINK],Draft,Theme: MASTERY
13,2026-06-09,Mon,X / Twitter,Bio,Post,Neuroscience,TOPIC: Final data report: 3 months of community tracking results,Download the free 7-Night WILD Protocol: [LINK],Draft,Theme: MASTERY
13,2026-06-10,Tue,Reddit,Bio,Discussion,Biohacking,TOPIC: r/biohacking — Discussion around advanced supplement stacks for rem enhancement,Download the free 7-Night WILD Protocol: [LINK],Draft,Theme: MASTERY
13,2026-06-11,Wed,X / Twitter,Bio,Post,Biohacking,TOPIC: Contrarian take on final data report: 3 months of community tracking results,Download the free 7-Night WILD Protocol: [LINK],Draft,Theme: MASTERY
13,2026-06-11,Wed,X / Twitter,Both,Post,Cross-Platform,TOPIC: Bridging science and spirit — Week 13 unified insight on the nature of dream awareness,Start your journey tonight — free protocol: [LINK],Draft,Theme: MASTERY
13,2026-06-12,Thu,TikTok,Bio,Script,Neuroscience,TOPIC: Science explainer — Advanced supplement stacks for REM enhancement,Download the free 7-Night WILD Protocol: [LINK],Draft,Theme: MASTERY
13,2026-06-13,Fri,X / Twitter,Bio,Post,Neuroscience,TOPIC: Results-focused conversion post — Final data report: 3 months of community tracking results,Download the free 7-Night WILD Protocol: [LINK],Draft,Theme: MASTERY
13,2026-06-14,Sat,X / Twitter,Bio,Thread,Neuroscience,TOPIC: Deep-dive thread — Advanced supplement stacks for REM enhancement,Download the free 7-Night WILD Protocol: [LINK],Draft,Theme: MASTERY
13,2026-06-09,Mon,Instagram / X,Spiritual,Post,Consciousness Gateway,TOPIC: 90 days of practice — integration and the path forward,Begin the free 7-Night Lucid Dream Initiation: [LINK],Draft,Theme: MASTERY
13,2026-06-10,Tue,Reddit,Spiritual,Discussion,Ancient Traditions,TOPIC: Discussion — The empty room meditation — preparing for dream awareness,Begin the free 7-Night Lucid Dream Initiation: [LINK],Draft,Theme: MASTERY
13,2026-06-11,Wed,Instagram / X,Spiritual,Post,Inner World Mastery,TOPIC: The empty room meditation — preparing for dream awareness,Begin the free 7-Night Lucid Dream Initiation: [LINK],Draft,Theme: MASTERY
13,2026-06-12,Thu,TikTok,Spiritual,Script,Consciousness Gateway,TOPIC: Mystical storytelling — 90 days of practice — integration and the path forward,Begin the free 7-Night Lucid Dream Initiation: [LINK],Draft,Theme: MASTERY
13,2026-06-13,Fri,Instagram / X,Spiritual,Post,Consciousness Gateway,TOPIC: Practice invitation — The empty room meditation — preparing for dream awareness,Begin the free 7-Night Lucid Dream Initiation: [LINK],Draft,Theme: MASTERY
13,2026-06-14,Sat,YouTube Short,Spiritual,Script,Ancient Traditions,TOPIC: Guided instruction — 90 days of practice — integration and the path forward,Begin the free 7-Night Lucid Dream Initiation: [LINK],Draft,Theme: MASTERY
13,2026-06-15,Sun,X / Twitter,Both,Post,Cross-Platform,TOPIC: Week 13 roundup — highlights from both communities,Start your journey tonight — free protocol: [LINK],Draft,Theme: MASTERY
13,2026-06-15,Sun,X / Twitter,Bio,Post,Biohacking,TOPIC: Week 13 data collection + community analytics share,Download the free 7-Night WILD Protocol: [LINK],Draft,Theme: MASTERY
13,2026-06-15,Sun,Instagram / X,Spiritual,Post,Inner World Mastery,TOPIC: Sunday reflection — contemplation prompt for Week 13,Begin the free 7-Night Lucid Dream Initiation: [LINK],Draft,Theme: MASTERY
